{"type":"HairData", "version":1, "datas":[{"faceIndexes":[6133,6204], "vertexOfFaceIndexes":[2,0], "targetIndexes":[-1,-1], "sliceFace":11, "stackFace":25, "faceWidthScale":0.8, "cutHorizontal":true, "cutHorizontalStartIndex":4, "channel":0, "syncPosition":true, "connectHorizontal":true, "physicsType":3, "extendOutsideRatio":0, "averagingNormal":true, "useCustomNormal":true, "originalNormalRatio":0.5, "hairTextureData":"1;0;false;false;0;false;0;0|1|0|0;0|1|0|0:0:1:0.5:false:false", "pointMode":1, "semiAutoPoints":[[58.52000277955086,1712.495196982893,36.96100017603013],[51.14480905871332,1712.495196982893,66.34559794620404],[30.06540505354959,1712.495196982893,88.10580923474345],[0.9300000441726404,1712.495196982893,96.41100299975363],[-28.45459772600126,1712.495196982893,89.03580927891609],[-50.21480901454069,1712.495196982893,67.95640527375235],[-58.52000277955086,1712.495196982893,38.821000264375414],[-51.14480905871332,1712.495196982893,9.436402494201488],[-30.065405053549608,1712.495196982893,-12.323808794337893],[-0.9300000441726476,1712.495196982893,-20.629002559348088],[28.454597726001282,1712.495196982893,-13.253808838510551],[50.21480901454066,1712.495196982893,7.825595166653162],[88.39173126220703,1699.5142822265625,32.46677780151367],[80.5694351196289,1701.507568359375,76.19290924072266],[48.57618713378906,1704.3897705078125,113.4831314086914],[6.051595211029053,1705.064453125,128.22030639648438],[-40.73674392700195,1704.916748046875,117.85386657714844],[-75.0084457397461,1702.31103515625,86.51654052734375],[-88.90241241455078,1700.9053955078125,42.58127975463867],[-80.37332916259766,1706.9256591796875,-2.687401056289673],[-50.020721435546875,1715.1395263671875,-36.15802764892578],[-6.397130966186523,1717.978515625,-51.84397888183594],[39.28216552734375,1715.869140625,-43.37888717651367],[75.1686019897461,1708.7869873046875,-12.052743911743164],[107.04743194580078,1672.0233154296875,31.18721580505371],[97.75885009765625,1674.3839111328125,86.40497589111328],[59.59498977661133,1678.6331787109375,130.5067901611328],[6.120021820068359,1679.052490234375,148.9787139892578],[-49.40635681152344,1678.9752197265625,136.61170959472656],[-92.55394744873047,1675.6212158203125,95.8200454711914],[-106.6369857788086,1672.4095458984375,40.00388717651367],[-98.50362396240234,1681.03515625,-13.685571670532227],[-59.73784637451172,1691.7333984375,-58.22150802612305],[-6.217662334442139,1695.2177734375,-76.15154266357422],[49.482337951660156,1692.4554443359375,-64.6998291015625],[93.01478576660156,1683.2705078125,-24.415138244628906],[117.19854736328125,1640.277587890625,34.75600814819336],[108.88520050048828,1642.736328125,89.48628234863281],[65.7722396850586,1647.4210205078125,141.75335693359375],[6.738154411315918,1647.9598388671875,161.83370971679688],[-56.284034729003906,1647.440673828125,147.615234375],[-103.81991577148438,1643.8037109375,99.98921203613281],[-117.76653289794922,1640.096435546875,45.021358489990234],[-109.72955322265625,1649.5986328125,-20.995851516723633],[-70.40373992919922,1661.3843994140625,-70.71778106689453],[-7.3455376625061035,1665.4998779296875,-93.6379623413086],[59.76768493652344,1662.2657470703125,-77.89708709716797],[104.72093963623047,1651.758056640625,-31.84592628479004],[121.44729614257812,1606.2774658203125,40.133583068847656],[111.68131256103516,1608.2581787109375,90.41773986816406],[67.54154968261719,1613.06591796875,144.81353759765625],[6.839815616607666,1613.7225341796875,166.8496551513672],[-58.63615036010742,1612.9788818359375,150.34024047851562],[-106.75951385498047,1609.3062744140625,101.0019302368164],[-121.61473846435547,1606.7747802734375,48.7232666015625],[-112.13172912597656,1616.2677001953125,-24.99066734313965],[-75.10279083251953,1628.5457763671875,-75.95576477050781],[-7.883378982543945,1632.9405517578125,-101.8524398803711],[63.986083984375,1629.4932861328125,-83.84725189208984],[107.80879974365234,1618.44921875,-35.212669372558594],[125.0814437866211,1573.179931640625,45.246849060058594],[114.45173645019531,1574.6058349609375,91.3873519897461],[69.1513900756836,1579.3841552734375,147.35556030273438],[7.0548906326293945,1580.3499755859375,171.4856719970703],[-61.12053298950195,1578.83642578125,153.05905151367188],[-109.68508911132812,1575.1480712890625,102.11129760742188],[-125.92244720458984,1572.63330078125,53.069942474365234],[-113.46803283691406,1581.76611328125,-28.965757369995117],[-75.95035552978516,1593.865478515625,-76.35428619384766],[-7.757227897644043,1598.330078125,-101.73189544677734],[64.82691955566406,1594.8260498046875,-84.41107940673828],[109.31719970703125,1584.3240966796875,-37.86646270751953],[129.43104553222656,1539.3515625,51.409034729003906],[117.37886810302734,1540.0140380859375,92.5867691040039],[70.17977142333984,1544.616943359375,149.23829650878906],[7.088955402374268,1545.7659912109375,175.42750549316406],[-63.0543212890625,1545.13623046875,154.9886474609375],[-112.62858581542969,1541.51611328125,103.12149810791016],[-130.02072143554688,1539.6429443359375,58.32421875],[-114.93350982666016,1548.299072265625,-33.162261962890625],[-76.56658935546875,1560.078857421875,-76.48040771484375],[-7.452327728271484,1564.637939453125,-101.29913330078125],[65.9297866821289,1561.067138671875,-85.31006622314453],[110.84085845947266,1549.716552734375,-40.72895431518555],[133.64761352539062,1506.68505859375,58.26292419433594],[120.31938171386719,1506.440673828125,93.9366226196289],[70.57095336914062,1510.457763671875,151.28463745117188],[6.807225704193115,1511.6920166015625,174.17898559570312],[-64.53793334960938,1510.47802734375,156.58810424804688],[-115.77655792236328,1507.0040283203125,104.419189453125],[-133.7593536376953,1505.7042236328125,63.701377868652344],[-116.5505599975586,1513.9835205078125,-37.91428756713867],[-77.29295349121094,1525.3360595703125,-76.76448059082031],[-7.315626621246338,1529.9417724609375,-100.8780746459961],[66.71570587158203,1526.343017578125,-86.77815246582031],[112.42156982421875,1515.68408203125,-43.82138442993164],[137.6329345703125,1473.1827392578125,65.63363647460938],[123.41300201416016,1472.03271484375,95.48860168457031],[71.91744995117188,1476.8175048828125,153.65374755859375],[6.377758502960205,1478.0601806640625,172.84201049804688],[-66.20970153808594,1476.8414306640625,158.49618530273438],[-118.94930267333984,1473.4716796875,105.60546112060547],[-137.7987060546875,1472.70751953125,68.62068939208984],[-118.1660385131836,1480.7054443359375,-43.04058074951172],[-78.20220184326172,1491.6129150390625,-77.25740051269531],[-7.249067783355713,1496.2843017578125,-100.50914001464844],[67.0359115600586,1492.639892578125,-88.36444091796875],[114.04261016845703,1481.728271484375,-47.16107177734375],[141.5515899658203,1440.50732421875,72.44245910644531],[126.47217559814453,1438.54833984375,97.13688659667969],[73.27819061279297,1442.8092041015625,156.9383087158203],[5.879622459411621,1443.9619140625,171.49026489257812],[-67.5628890991211,1442.814208984375,161.28453063964844],[-122.34497833251953,1439.5660400390625,107.07283782958984],[-142.70899963378906,1439.453857421875,73.88872528076172],[-119.96917724609375,1447.0765380859375,-48.56212615966797],[-79.2055892944336,1457.4625244140625,-78.02688598632812],[-7.25650691986084,1462.1630859375,-100.23245239257812],[67.03759002685547,1458.483642578125,-89.76661682128906],[115.75188446044922,1448.24609375,-50.48051452636719],[145.84642028808594,1407.4373779296875,79.19860076904297],[129.69566345214844,1404.64599609375,98.63101196289062],[74.21699523925781,1408.8907470703125,160.6363525390625],[5.316683292388916,1409.916015625,170.1540985107422],[-68.37312316894531,1408.808349609375,163.77447509765625],[-125.85871124267578,1405.7535400390625,108.89009857177734],[-146.31724548339844,1406.054931640625,79.10576629638672],[-121.53365325927734,1413.3548583984375,-53.262054443359375],[-80.2492904663086,1423.384033203125,-79.06912994384766],[-7.302323341369629,1428.097412109375,-100.06062316894531],[66.94994354248047,