{"type":"HairData", "version":1, "datas":[{"faceIndexes":[6133,6204], "vertexOfFaceIndexes":[2,0], "targetIndexes":[-1,-1], "sliceFace":11, "stackFace":6, "faceWidthScale":0.8, "cutHorizontal":true, "cutHorizontalStartIndex":3, "channel":0, "syncPosition":true, "connectHorizontal":true, "physicsType":3, "extendOutsideRatio":0, "averagingNormal":true, "useCustomNormal":true, "originalNormalRatio":0.5, "hairTextureData":"1;0;false;false;0;false;0;0|1|0|0;0|1|0|0:0:1:0.5:false:false", "pointMode":1, "semiAutoPoints":[[58.52000277955086,1712.495196982893,36.96100017603013],[51.14480905871332,1712.495196982893,66.34559794620404],[30.06540505354959,1712.495196982893,88.10580923474345],[0.9300000441726404,1712.495196982893,96.41100299975363],[-28.45459772600126,1712.495196982893,89.03580927891609],[-50.21480901454069,1712.495196982893,67.95640527375235],[-58.52000277955086,1712.495196982893,38.821000264375414],[-51.14480905871332,1712.495196982893,9.436402494201488],[-30.065405053549608,1712.495196982893,-12.323808794337893],[-0.9300000441726476,1712.495196982893,-20.629002559348088],[28.454597726001282,1712.495196982893,-13.253808838510551],[50.21480901454066,1712.495196982893,7.825595166653162],[79.88743591308594,1686.00244140625,33.997650146484375],[72.38623809814453,1687.918701171875,75.99989318847656],[43.40769577026367,1689.743896484375,109.22582244873047],[2.0765485763549805,1690.715087890625,121.74565124511719],[-39.86653518676758,1690.0689697265625,111.15930938720703],[-70.85157775878906,1687.9439697265625,79.41093444824219],[-79.68617248535156,1685.8358154296875,37.27079772949219],[-73.87797546386719,1691.4200439453125,-4.680545330047607],[-44.563720703125,1697.333740234375,-38.3543815612793],[-3.124073028564453,1699.8828125,-51.119415283203125],[39.57890701293945,1698.3028564453125,-40.732093811035156],[71.68655395507812,1692.3699951171875,-8.54859447479248],[97.0235824584961,1656.9263916015625,32.5460090637207],[87.7098617553711,1659.4759521484375,86.08563232421875],[52.67463302612305,1661.7288818359375,125.86395263671875],[1.083583116531372,1663.4293212890625,141.8335723876953],[-50.63853454589844,1662.0621337890625,126.71648406982422],[-88.07649230957031,1659.7750244140625,88.95175170898438],[-96.95816802978516,1656.8551025390625,35.570980072021484],[-88.7913818359375,1664.431640625,-17.569490432739258],[-53.5191535949707,1671.2723388671875,-57.362789154052734],[-1.7042083740234375,1674.37939453125,-72.79896545410156],[50.47943115234375,1672.341796875,-58.73265838623047],[87.37687683105469,1664.7557373046875,-20.19257164001465],[103.80201721191406,1624.1583251953125,31.960895538330078],[95.18797302246094,1626.919677734375,89.24777221679688],[58.17255783081055,1629.3809814453125,132.5899658203125],[0.9141473174095154,1631.0804443359375,150.11508178710938],[-56.309112548828125,1629.803955078125,133.7580108642578],[-94.05650329589844,1626.99267578125,91.64217376708984],[-104.15364837646484,1624.2281494140625,34.90370178222656],[-97.40552520751953,1632.149169921875,-20.09688949584961],[-60.443748474121094,1639.6309814453125,-66.51628112792969],[-2.2550222873687744,1643.15869140625,-85.33965301513672],[57.103824615478516,1640.87646484375,-68.542236328125],[96.00182342529297,1632.463623046875,-23.497140884399414],[103.85096740722656,1590.4735107421875,31.12325668334961],[96.02580261230469,1593.2843017578125,88.60604858398438],[60.843299865722656,1595.94384765625,134.5166015625],[0.7953579425811768,1597.6024169921875,153.44973754882812],[-58.6523551940918,1596.3704833984375,135.80258178710938],[-94.66313171386719,1593.337890625,91.02263641357422],[-104.50543212890625,1590.53857421875,34.13645553588867],[-98.13618469238281,1598.3118896484375,-20.437780380249023],[-61.52576446533203,1606.05126953125,-66.80963897705078],[-2.2996177673339844,1609.67822265625,-87.3708267211914],[58.582374572753906,1607.3394775390625,-69.09432220458984],[96.55318450927734,1598.9095458984375,-23.375364303588867],[103.78163146972656,1556.889404296875,30.664222717285156],[95.44807434082031,1559.6368408203125,88.18383026123047],[61.53253936767578,1562.43310546875,136.34637451171875],[0.18541979789733887,1564.69873046875,159.91461181640625],[-59.50214767456055,1562.88525390625,138.07147216796875],[-94.12599182128906,1559.6898193359375,90.57820892333984],[-104.5199966430664,1557.0355224609375,33.61667251586914],[-98.64600372314453,1564.7774658203125,-20.180252075195312],[-61.30651092529297,1572.505615234375,-66.08352661132812],[-2.373476982116699,1576.203125,-86.95484161376953],[58.616432189941406,1573.775146484375,-69.32909393310547],[96.23827362060547,1565.364013671875,-22.91347312927246],[103.83866882324219,1523.588623046875,30.637544631958008],[95.21430206298828,1526.2979736328125,88.09691619873047],[62.69676208496094,1529.2398681640625,134.3505096435547],[1.1131492853164673,1531.4942626953125,158.7875518798828],[-60.538692474365234,1529.6866455078125,136.2643585205078],[-93.8211898803711,1526.3502197265625,90.58517456054688],[-104.49226379394531,1523.7369384765625,33.66756820678711],[-98.33627319335938,1531.392578125,-20.11463737487793],[-61.237178802490234,1539.116455078125,-66.1861343383789],[-2.2579586505889893,1542.8470458984375,-86.85545349121094],[58.386539459228516,1540.3818359375,-69.37676239013672],[96.06776428222656,1531.974609375,-23.010562896728516]], "semiAutoPins":[0,1,2,3,4,5,6,7,8,9,10,11], "plain-cloth":{"narrow":false, "narrowScale":0.9, "narrowStartIndex":1, "damping":0.03, "mass":0.1}, "ammo":{"customGeometryName":"geometry-twelve-short", "customGeometryUseAutoSkinning":false, "enableCustomGeometry":true, "contactParticle":false, "circleStyle":true, "useCustomBodyParticleData":true, "ammoBodyParticleData":{"type":"AmmoBodyData", "version":1, "friction":5.1, "restitution":0, "damping_linear":0.01, "damping_angular":0.01}, "useCustomConstraintData":true, "ammoConstraintData":{"type":"AmmoConstraintData", "version":1, "useLinearReferenceFrameA":true, "disableCollisionsBetweenLinkedBodies":true, "frameInARelativePosRatio":0, "frameInBRelativePosRatio":-1, "enableSprings":[true,true,true,true,true,true], "dampings":[0,0,0,0,0,0], "stiffnesses":[100,100,100,100,100,100], "angularLowerLimit":[-0.393,-0.393,-0.393], "angularUpperLimit":[0.393,0.393,0.393], "linearLowerLimit":[0,0,0], "linearUpperLimit":[0,0,0]}, "particleType":0, "particleRadiusRatio":0.2, "endParticleRadiusRatio":0, "syncMoveLinear":0.5, "syncForceLinear":-10, "startCenterCircle":false, "circleUseFirstPointY":true, "circleRangeMin":0, "circleRangeMax":0, "circleInRangeRatio":0.5, "ammo-bone":{"thick":0.1, "thick2":0}, "ammo-hair":{"circleDummyHairCount":0, "circleDummyHairAngle":1, "circleHairMergeCenter":true, "circleHairMergeLast":true}}}]}