{"type":"HairData", "version":1, "datas":[{"faceIndexes":[6133,6204], "vertexOfFaceIndexes":[2,0], "targetIndexes":[-1,-1], "sliceFace":11, "stackFace":18, "faceWidthScale":0.8, "cutHorizontal":true, "cutHorizontalStartIndex":4, "channel":0, "syncPosition":true, "connectHorizontal":true, "physicsType":3, "extendOutsideRatio":0, "averagingNormal":true, "useCustomNormal":true, "originalNormalRatio":0.5, "hairTextureData":"1;0;false;false;0;false;0;0|1|0|0;0|1|0|0:0:1:0.5:false:false", "pointMode":1, "semiAutoPoints":[[58.52000277955086,1712.495196982893,36.96100017603013],[51.14480905871332,1712.495196982893,66.34559794620404],[30.06540505354959,1712.495196982893,88.10580923474345],[0.9300000441726404,1712.495196982893,96.41100299975363],[-28.45459772600126,1712.495196982893,89.03580927891609],[-50.21480901454069,1712.495196982893,67.95640527375235],[-58.52000277955086,1712.495196982893,38.821000264375414],[-51.14480905871332,1712.495196982893,9.436402494201488],[-30.065405053549608,1712.495196982893,-12.323808794337893],[-0.9300000441726476,1712.495196982893,-20.629002559348088],[28.454597726001282,1712.495196982893,-13.253808838510551],[50.21480901454066,1712.495196982893,7.825595166653162],[80.98443603515625,1684.4847412109375,34.608314514160156],[73.87193298339844,1686.1505126953125,76.43513488769531],[43.9718132019043,1687.9874267578125,110.78150939941406],[2.1153275966644287,1689.480712890625,122.908203125],[-40.63221740722656,1688.323974609375,112.57373046875],[-72.5556411743164,1685.97802734375,79.80086517333984],[-81.25437927246094,1683.916259765625,37.056419372558594],[-75.73664093017578,1689.21875,-5.380390644073486],[-44.58682632446289,1695.8367919921875,-40.36636734008789],[-2.9969215393066406,1699.0772705078125,-52.05662536621094],[40.22294235229492,1697.1182861328125,-41.86728286743164],[73.72941589355469,1690.144287109375,-8.926976203918457],[98.35718536376953,1652.58203125,33.787628173828125],[89.10047912597656,1655.1746826171875,87.20711517333984],[52.910831451416016,1658.373779296875,127.18013000488281],[0.6483893394470215,1660.183837890625,142.12721252441406],[-52.031551361083984,1658.81689453125,127.52689361572266],[-89.13300323486328,1654.814697265625,87.45800018310547],[-98.483154296875,1652.431396484375,34.4402961730957],[-90.157958984375,1660.0599365234375,-18.867338180541992],[-52.985565185546875,1668.711181640625,-59.43286895751953],[-0.38112694025039673,1672.957763671875,-73.65746307373047],[52.611000061035156,1669.494873046875,-59.18921661376953],[89.84923553466797,1660.365478515625,-19.298152923583984],[105.82662963867188,1617.4525146484375,37.15437316894531],[95.8831787109375,1620.2398681640625,88.54576873779297],[59.69042205810547,1623.721923828125,132.1049346923828],[1.0053094625473022,1625.487548828125,150.65748596191406],[-57.297935485839844,1624.0435791015625,133.69415283203125],[-95.61447143554688,1619.784423828125,89.16573333740234],[-106.0770034790039,1617.2923583984375,37.09613037109375],[-97.21916198730469,1625.3131103515625,-22.113157272338867],[-61.73030090332031,1634.6888427734375,-66.58207702636719],[-0.4286814033985138,1639.27392578125,-86.16016387939453],[61.75852966308594,1635.742431640625,-66.37096405029297],[96.99565124511719,1626.3575439453125,-22.514080047607422],[109.8616714477539,1582.1270751953125,43.06278610229492],[100.27606201171875,1584.114990234375,88.0718765258789],[63.56049728393555,1587.7437744140625,133.22593688964844],[0.983742356300354,1589.5555419921875,155.8684844970703],[-60.073150634765625,1588.0875244140625,134.23497009277344],[-99.64924621582031,1583.80126953125,89.1805648803711],[-110.55926513671875,1582.326171875,42.99067687988281],[-100.9974365234375,1589.4552001953125,-23.31460189819336],[-64.74015808105469,1599.201904296875,-65.88103485107422],[-0.5301058888435364,1603.947509765625,-86.66034698486328],[64.35675048828125,1600.042236328125,-65.00658416748047],[100.74711608886719,1590.1512451171875,-23.8663272857666],[112.25962829589844,1546.5750732421875,46.8463249206543],[103.959716796875,1548.1302490234375,90.93035125732422],[66.292236328125,1551.4205322265625,132.67184448242188],[1.111674427986145,1553.6475830078125,160.87875366210938],[-61.56174850463867,1551.8515625,138.43325805664062],[-103.39527130126953,1547.2979736328125,92.62877655029297],[-113.01420593261719,1546.37255859375,46.92075729370117],[-103.58412170410156,1552.7906494140625,-23.898706436157227],[-65.23648071289062,1562.2513427734375,-64.27079010009766],[1.0934947729110718,1568.2037353515625,-84.40480041503906],[63.93366622924805,1563.6834716796875,-62.463783264160156],[103.16851043701172,1553.4178466796875,-24.305696487426758],[117.16413879394531,1511.63916015625,48.610557556152344],[104.7824478149414,1512.5516357421875,93.9293441772461],[69.96562194824219,1515.91943359375,136.18251037597656],[1.0319952964782715,1518.55859375,159.40972900390625],[-64.78695678710938,1516.115234375,140.44317626953125],[-107.35887908935547,1511.6751708984375,94.68675231933594],[-117.74554443359375,1511.3590087890625,48.620391845703125],[-106.90495300292969,1517.1439208984375,-25.674516677856445],[-64.0550308227539,1526.2427978515625,-64.02767181396484],[1.6328941583633423,1532.1968994140625,-81.80644989013672],[62.17767333984375,1527.1383056640625,-61.40944290161133],[106.62952423095703,1517.4652099609375,-26.561904907226562],[124.68470764160156,1477.2554931640625,52.62220764160156],[105.67572784423828,1476.7772216796875,94.74361419677734],[72.56754302978516,1480.0540771484375,136.4661102294922],[-0.13194166123867035,1482.8204345703125,157.2201690673828],[-66.29658508300781,1480.116943359375,139.95236206054688],[-109.78677368164062,1476.056396484375,99.14514923095703],[-125.37547302246094,1476.649658203125,52.448490142822266],[-110.41722106933594,1481.2994384765625,-29.206714630126953],[-64.16741943359375,1489.8492431640625,-63.060264587402344],[0.9692708849906921,1496.0828857421875,-79.64926147460938],[59.97724533081055,1490.54931640625,-62.12580871582031],[110.02122497558594,1482.16162109375,-30.10272216796875],[131.2931671142578,1443.000244140625,58.88120651245117],[109.1669692993164,1441.147216796875,95.34762573242188],[76.07980346679688,1444.309814453125,137.77084350585938],[-1.771825909614563,1447.0159912109375,155.65248107910156],[-69.41416931152344,1444.329833984375,142.7047119140625],[-109.89488983154297,1440.331787109375,103.07884216308594],[-131.85047912597656,1442.830810546875,58.618553161621094],[-112.81654357910156,1446.3812255859375,-34.129703521728516],[-62.969791412353516,1454.330078125,-63.253780364990234],[-0.4301891624927521,1460.8165283203125,-78.45398712158203],[58.38796615600586,1454.913818359375,-64.5487060546875],[112.8453140258789,1446.8602294921875,-34.525108337402344],[136.1324462890625,1408.96337890625,64.37470245361328],[112.96588134765625,1406.297607421875,96.50553131103516],[79.14928436279297,1409.5767822265625,142.27308654785156],[-3.864035129547119,1412.009765625,155.806884765625],[-70.0069351196289,1409.39453125,147.10842895507812],[-112.31287384033203,1405.5926513671875,108.02947235107422],[-136.32769775390625,1408.454345703125,64.35076141357422],[-112.79277038574219,1411.2247314453125,-38.41947555541992],[-61.42757797241211,1418.807861328125,-64.7809066772461],[-1.7737584114074707,1425.429443359375,-78.07304382324219],[58.33140563964844,1419.22607421875,-67.73263549804688],[112.97469329833984,1411.3651123046875,-38.419071197509766],[139.4803466796875,1374.32421875,65.24589538574219],[115.77215576171875,1371.48291015625,99.34225463867188],[82.56898498535156,1374.7022705078125,145.10565185546875],[-5.103753089904785,1376.703125,157.2653045654297],[-69.55953216552734,1374.0947265625,149.60267639160156],[-112.85460662841797,1370.5587158203125,112.63048553466797],[-139.55380249023438,1373.5816650390625,64.89347839355469],[-112.97994232177734,1375.875244140625,-39.45658493041992],[-60.319068908691406,1383.28564453125,-65.08617401123047],[-2.69681978225708,1390.0391845703125,-78.34420013427734],