{"type":"HairData", "version":1, "datas":[{"faceIndexes":[6133,6204], "vertexOfFaceIndexes":[2,0], "targetIndexes":[-1,-1], "sliceFace":11, "stackFace":4, "faceWidthScale":0.8, "cutHorizontal":true, "cutHorizontalStartIndex":4, "channel":0, "syncPosition":true, "connectHorizontal":true, "physicsType":3, "extendOutsideRatio":0, "averagingNormal":true, "useCustomNormal":true, "originalNormalRatio":0.5, "hairTextureData":"1;0;false;false;0;false;0;0|1|0|0;0|1|0|0:0:1:0.5:false:false", "pointMode":1, "semiAutoPoints":[[58.52000277955086,1712.495196982893,36.96100017603013],[51.14480905871332,1712.495196982893,66.34559794620404],[30.06540505354959,1712.495196982893,88.10580923474345],[0.9300000441726404,1712.495196982893,96.41100299975363],[-28.45459772600126,1712.495196982893,89.03580927891609],[-50.21480901454069,1712.495196982893,67.95640527375235],[-58.52000277955086,1712.495196982893,38.821000264375414],[-51.14480905871332,1712.495196982893,9.436402494201488],[-30.065405053549608,1712.495196982893,-12.323808794337893],[-0.9300000441726476,1712.495196982893,-20.629002559348088],[28.454597726001282,1712.495196982893,-13.253808838510551],[50.21480901454066,1712.495196982893,7.825595166653162],[82.7383804321289,1690.60791015625,33.212005615234375],[75.25133514404297,1692.541259765625,75.59608459472656],[45.07114028930664,1694.78076171875,110.56809997558594],[3.643655300140381,1695.4937744140625,123.95751190185547],[-39.0750732421875,1695.08349609375,114.02281951904297],[-71.73593139648438,1693.04833984375,82.29090881347656],[-82.80963897705078,1690.1162109375,39.98435974121094],[-76.99160766601562,1695.8974609375,-3.1829960346221924],[-46.47653579711914,1703.1019287109375,-38.059593200683594],[-5.301307201385498,1705.0755615234375,-52.51384353637695],[39.05574417114258,1703.498046875,-43.00346374511719],[73.34429931640625,1697.5416259765625,-9.53023910522461],[100.12775421142578,1662.3529052734375,33.32147979736328],[92.37897491455078,1665.078125,82.56344604492188],[57.141624450683594,1667.8048095703125,125.6380386352539],[2.689260959625244,1668.5645751953125,143.59156799316406],[-48.24384689331055,1668.174072265625,131.10643005371094],[-88.41454315185547,1665.6331787109375,90.73506927490234],[-100.5167007446289,1661.9765625,39.023658752441406],[-94.68133544921875,1668.643310546875,-10.51069450378418],[-60.358131408691406,1677.85107421875,-54.41699981689453],[-6.884204864501953,1683.6942138671875,-77.89019012451172],[49.03816604614258,1678.6319580078125,-62.0444450378418],[91.48934173583984,1670.7032470703125,-16.868066787719727],[108.41854858398438,1630.1871337890625,31.759876251220703],[101.13906860351562,1633.206298828125,86.2183609008789],[64.23636627197266,1636.242431640625,133.29014587402344],[2.7892892360687256,1637.0670166015625,154.20187377929688],[-53.203189849853516,1636.621337890625,140.34768676757812],[-96.85009765625,1633.8145751953125,95.4771728515625],[-109.12024688720703,1629.91162109375,40.72856521606445],[-103.35250091552734,1637.0216064453125,-16.27037811279297],[-68.81089782714844,1647.2916259765625,-64.25021362304688],[-4.9947686195373535,1653.1998291015625,-90.5247573852539],[56.96728515625,1648.2647705078125,-72.65185546875],[101.9868392944336,1639.2991943359375,-19.12775421142578],[108.15544891357422,1597.0218505859375,31.11092185974121],[100.94769287109375,1600.085205078125,85.47787475585938],[65.6986083984375,1603.1593017578125,132.79046630859375],[2.712019205093384,1603.953369140625,154.9252166748047],[-52.46794891357422,1603.523681640625,141.42947387695312],[-96.51880645751953,1600.69287109375,95.52783203125],[-109.80622100830078,1596.7833251953125,41.48392868041992],[-102.63639068603516,1603.9866943359375,-18.75419044494629],[-70.98396301269531,1614.3057861328125,-66.66988372802734],[-4.405605316162109,1620.168701171875,-92.79096984863281],[59.47470474243164,1615.34130859375,-75.26659393310547],[103.17194366455078,1606.1907958984375,-18.131567001342773]], "semiAutoPins":[0,1,2,3,4,5,6,7,8,9,10,11], "plain-cloth":{"narrow":false, "narrowScale":0.9, "narrowStartIndex":1, "damping":0.03, "mass":0.1}, "ammo":{"customGeometryName":"geometry-twelve-very_short", "customGeometryUseAutoSkinning":false, "enableCustomGeometry":true, "contactParticle":false, "circleStyle":true, "useCustomBodyParticleData":true, "ammoBodyParticleData":{"type":"AmmoBodyData", "version":1, "friction":5.1, "restitution":0, "damping_linear":0.01, "damping_angular":0.01}, "useCustomConstraintData":true, "ammoConstraintData":{"type":"AmmoConstraintData", "version":1, "useLinearReferenceFrameA":true, "disableCollisionsBetweenLinkedBodies":true, "frameInARelativePosRatio":0, "frameInBRelativePosRatio":-1, "enableSprings":[true,true,true,true,true,true], "dampings":[0,0,0,0,0,0], "stiffnesses":[100,100,100,100,100,100], "angularLowerLimit":[-0.393,-0.393,-0.393], "angularUpperLimit":[0.393,0.393,0.393], "linearLowerLimit":[0,0,0], "linearUpperLimit":[0,0,0]}, "particleType":0, "particleRadiusRatio":0.3, "endParticleRadiusRatio":0, "syncMoveLinear":0.5, "syncForceLinear":-10, "startCenterCircle":false, "circleUseFirstPointY":true, "circleRangeMin":0, "circleRangeMax":0, "circleInRangeRatio":0.5, "ammo-bone":{"thick":0.1, "thick2":0}, "ammo-hair":{"circleDummyHairCount":0, "circleDummyHairAngle":1, "circleHairMergeCenter":true, "circleHairMergeLast":true}}}]}