{"type":"HairData", "version":1, "datas":[{"faceIndexes":[6133,6204], "vertexOfFaceIndexes":[2,0], "targetIndexes":[-1,-1], "sliceFace":11, "stackFace":11, "faceWidthScale":0.8, "cutHorizontal":true, "cutHorizontalStartIndex":3, "channel":0, "syncPosition":true, "connectHorizontal":true, "physicsType":3, "extendOutsideRatio":0, "averagingNormal":true, "useCustomNormal":true, "originalNormalRatio":0.5, "hairTextureData":"1;0;false;false;0;false;0;0|1|0|0;0|1|0|0:0:1:0.5:false:false", "pointMode":1, "semiAutoPoints":[[58.52000277955086,1712.495196982893,36.96100017603013],[51.14480905871332,1712.495196982893,66.34559794620404],[30.06540505354959,1712.495196982893,88.10580923474345],[0.9300000441726404,1712.495196982893,96.41100299975363],[-28.45459772600126,1712.495196982893,89.03580927891609],[-50.21480901454069,1712.495196982893,67.95640527375235],[-58.52000277955086,1712.495196982893,38.821000264375414],[-51.14480905871332,1712.495196982893,9.436402494201488],[-30.065405053549608,1712.495196982893,-12.323808794337893],[-0.9300000441726476,1712.495196982893,-20.629002559348088],[28.454597726001282,1712.495196982893,-13.253808838510551],[50.21480901454066,1712.495196982893,7.825595166653162],[80.45204162597656,1685.2406005859375,34.26746368408203],[73.07910919189453,1687.059814453125,76.30372619628906],[43.50676345825195,1689.208251953125,109.7597885131836],[2.162814140319824,1690.1622314453125,122.26911163330078],[-39.91364669799805,1689.4957275390625,111.75796508789062],[-71.5202407836914,1687.2200927734375,79.49056243896484],[-80.27389526367188,1685.177734375,37.58304977416992],[-74.90289306640625,1690.3997802734375,-4.492877006530762],[-45.069740295410156,1696.689697265625,-38.83742904663086],[-2.787808895111084,1699.6328125,-51.42554473876953],[39.91410827636719,1697.8212890625,-41.14982604980469],[72.61378479003906,1691.369873046875,-8.736955642700195],[97.55375671386719,1655.2340087890625,33.129127502441406],[88.27000427246094,1657.736572265625,86.60831451416016],[52.690589904785156,1660.495849609375,126.23860168457031],[0.9014067053794861,1661.5306396484375,141.5248260498047],[-51.3720588684082,1660.5452880859375,127.06324768066406],[-87.85340881347656,1657.06494140625,88.13220977783203],[-97.70604705810547,1654.827880859375,35.2288703918457],[-89.4447250366211,1662.3262939453125,-18.049972534179688],[-53.568538665771484,1670.1395263671875,-58.093875885009766],[-1.3874428272247314,1673.5743408203125,-73.28564453125],[51.27759552001953,1671.0814208984375,-59.05394744873047],[88.4354476928711,1662.9891357421875,-19.765121459960938],[104.3154525756836,1621.569580078125,35.291473388671875],[95.51344299316406,1624.149658203125,89.0028076171875],[58.61646270751953,1627.1453857421875,132.5518341064453],[1.4235897064208984,1628.6024169921875,150.3874053955078],[-57.00136947631836,1627.5997314453125,133.57606506347656],[-94.81514739990234,1623.826171875,90.56375122070312],[-104.48245239257812,1621.553955078125,37.060794830322266],[-97.29084014892578,1629.2763671875,-21.199810028076172],[-61.41435623168945,1637.7510986328125,-66.2251205444336],[-1.8114482164382935,1641.724853515625,-85.66033172607422],[59.3261833190918,1638.8419189453125,-67.49227142333984],[96.58949279785156,1629.7298583984375,-22.833595275878906],[107.95700073242188,1587.5875244140625,38.91103744506836],[98.13684844970703,1589.7874755859375,88.87505340576172],[60.82763671875,1592.91650390625,133.5992431640625],[1.8121871948242188,1594.327392578125,155.613525390625],[-59.70650100708008,1593.073974609375,135.06483459472656],[-97.3595199584961,1589.092529296875,90.5695571899414],[-108.20994567871094,1587.2188720703125,39.918495178222656],[-100.02484893798828,1594.6534423828125,-21.8266544342041],[-62.97178649902344,1603.1712646484375,-66.00737762451172],[-1.555632472038269,1607.340087890625,-87.12359619140625],[61.102542877197266,1604.3482666015625,-67.35255432128906],[99.48051452636719,1595.2933349609375,-23.44013214111328],[110.0372543334961,1553.3233642578125,42.76201629638672],[99.8971939086914,1555.138916015625,90.57150268554688],[63.34031677246094,1558.3480224609375,135.2218017578125],[1.8564128875732422,1560.0311279296875,160.47018432617188],[-62.066593170166016,1558.7271728515625,136.37545776367188],[-99.23868560791016,1554.6346435546875,91.88619232177734],[-111.48627471923828,1553.247802734375,42.061161041259766],[-102.65186309814453,1560.365966796875,-23.990814208984375],[-64.9011001586914,1568.4735107421875,-66.431640625],[-1.2847400903701782,1572.88818359375,-86.87250518798828],[63.59762954711914,1569.718017578125,-68.0226058959961],[101.29151916503906,1560.91943359375,-25.959951400756836],[112.46670532226562,1519.50146484375,45.82390213012695],[100.78201293945312,1520.7279052734375,92.3327407836914],[64.51207733154297,1523.8663330078125,135.1352996826172],[1.8141230344772339,1525.560302734375,161.39869689941406],[-63.36371612548828,1524.2393798828125,137.1510467529297],[-100.29480743408203,1520.111572265625,93.49774169921875],[-115.00363159179688,1519.4012451171875,46.02252960205078],[-104.19977569580078,1526.07373046875,-27.14894676208496],[-66.61962127685547,1533.65283203125,-66.32401275634766],[-1.3677592277526855,1538.26953125,-86.9983901977539],[65.71847534179688,1535.1268310546875,-69.71497344970703],[102.03995513916016,1526.462646484375,-28.378625869750977],[116.94503021240234,1486.01708984375,49.54305648803711],[101.5968246459961,1486.5545654296875,93.60232543945312],[64.546875,1489.7769775390625,135.12747192382812],[1.9197897911071777,1491.4915771484375,162.39707946777344],[-64.2337875366211,1490.12890625,137.09523010253906],[-101.01654052734375,1486.0755615234375,94.5125732421875],[-118.36148071289062,1486.088134765625,50.7930793762207],[-105.74174499511719,1492.2269287109375,-29.643753051757812],[-68.12984466552734,1499.422607421875,-67.62525177001953],[-1.8841924667358398,1504.192138671875,-87.80009460449219],[66.83583068847656,1500.673828125,-71.6091537475586],[104.31767272949219,1492.6146240234375,-31.211801528930664],[122.90223693847656,1453.2421875,55.43272399902344],[103.06436920166016,1452.5838623046875,94.48148345947266],[65.57926940917969,1455.748291015625,136.0164031982422],[1.6262258291244507,1457.4154052734375,164.00880432128906],[-65.2349624633789,1456.0836181640625,138.69635009765625],[-102.39608001708984,1452.0970458984375,94.88214874267578],[-123.16706085205078,1453.0858154296875,56.19632339477539],[-108.56458282470703,1458.581787109375,-32.921268463134766],[-68.95010375976562,1465.2027587890625,-68.99480438232422],[-2.193918466567993,1470.0877685546875,-88.73833465576172],[68.11661529541016,1466.6529541015625,-73.17520141601562],[106.20757293701172,1458.8936767578125,-34.32175064086914],[131.55174255371094,1421.7911376953125,63.30537796020508],[106.1952133178711,1419.0899658203125,95.50502014160156],[66.54956817626953,1422.1541748046875,137.981689453125],[1.732269048690796,1423.71728515625,165.93540954589844],[-65.2305908203125,1422.44091796875,140.73365783691406],[-104.89356994628906,1418.5748291015625,96.03466796875],[-131.1377410888672,1421.3114013671875,63.4045295715332],[-111.74275970458984,1425.296630859375,-36.43381118774414],[-69.27094268798828,1431.3338623046875,-69.10133361816406],[-2.2774014472961426,1436.347412109375,-89.7548599243164],[70.1505355834961,1432.8787841796875,-74.17852020263672],[109.1451187133789,1425.5059814453125,-37.684173583984375],[139.21820068359375,1389.4857177734375,66.66053009033203],[110.04995727539062,1385.907958984375,97.26461791992188],[67.69357299804688,1388.84521484375,140.20887756347656],[2.2094807624816895,1390.267578125,168.19769287109375],[-65.6221923828125,1389.075439453125,143.0631103515625],[-108.72481536865234,1385.500732421875,98.04376983642578],[-139.1321258544922,1389.119384765625,66.86922454833984],[-114.15547943115234,1392.1268310546875,-39.120262145996094],[-70.92855072021484,1397.7945556640625,-69.1405029296875],[-1.7835496664047241,1402.8583984375,-90.68814849853516],[73.7958984375,