{"type":"HairData", "version":1, "datas":[{"faceIndexes":[6133,6204], "vertexOfFaceIndexes":[2,0], "targetIndexes":[-1,-1], "sliceFace":11, "stackFace":7, "faceWidthScale":0.8, "cutHorizontal":true, "cutHorizontalStartIndex":3, "channel":0, "syncPosition":true, "connectHorizontal":true, "physicsType":3, "extendOutsideRatio":0, "averagingNormal":true, "useCustomNormal":true, "originalNormalRatio":0.5, "hairTextureData":"1;0;false;false;0;false;0;0|1|0|0;0|1|0|0:0:1:0.5:false:false", "pointMode":1, "semiAutoPoints":[[58.52000277955086,1712.495196982893,36.96100017603013],[51.14480905871332,1712.495196982893,66.34559794620404],[30.06540505354959,1712.495196982893,88.10580923474345],[0.9300000441726404,1712.495196982893,96.41100299975363],[-28.45459772600126,1712.495196982893,89.03580927891609],[-50.21480901454069,1712.495196982893,67.95640527375235],[-58.52000277955086,1712.495196982893,38.821000264375414],[-51.14480905871332,1712.495196982893,9.436402494201488],[-30.065405053549608,1712.495196982893,-12.323808794337893],[-0.9300000441726476,1712.495196982893,-20.629002559348088],[28.454597726001282,1712.495196982893,-13.253808838510551],[50.21480901454066,1712.495196982893,7.825595166653162],[80.00598907470703,1685.8475341796875,34.039817810058594],[72.51194763183594,1687.786865234375,76.0027084350586],[43.350582122802734,1689.5963134765625,109.43160247802734],[2.212541341781616,1690.5589599609375,121.89107513427734],[-39.997894287109375,1689.8599853515625,111.30896759033203],[-71.098388671875,1687.703857421875,79.38738250732422],[-79.802490234375,1685.726318359375,37.487892150878906],[-74.06519317626953,1691.229248046875,-4.668015956878662],[-44.645137786865234,1697.18505859375,-38.495758056640625],[-3.175110340118408,1699.7911376953125,-51.22414016723633],[39.83036422729492,1698.0947265625,-40.84033966064453],[71.87358856201172,1692.1845703125,-8.546512603759766],[97.14745330810547,1656.5675048828125,32.61734390258789],[87.83589172363281,1659.18017578125,86.11353302001953],[52.732608795166016,1661.4796142578125,125.88818359375],[1.0857908725738525,1662.3701171875,141.13719177246094],[-50.938316345214844,1661.6607666015625,126.7452392578125],[-87.57256317138672,1658.657470703125,88.48318481445312],[-97.07195281982422,1656.519775390625,35.391754150390625],[-88.75174713134766,1663.9444580078125,-17.826156616210938],[-53.3564567565918,1671.1942138671875,-57.53309631347656],[-1.4853931665420532,1674.296875,-72.8525390625],[50.77486801147461,1671.99365234375,-58.77436828613281],[87.61984252929688,1664.361083984375,-20.09214973449707],[103.81880950927734,1623.667724609375,31.883752822875977],[95.1941146850586,1626.52197265625,89.31307220458984],[58.296226501464844,1629.0386962890625,132.55050659179688],[1.2924052476882935,1630.027099609375,150.23654174804688],[-56.75627517700195,1629.26806640625,133.5392303466797],[-94.27525329589844,1625.82080078125,91.4023666381836],[-104.14459228515625,1623.790283203125,34.5916862487793],[-97.12073516845703,1631.5086669921875,-21.033496856689453],[-60.33174514770508,1639.3619384765625,-66.65945434570312],[-2.2114884853363037,1642.9654541015625,-85.38387298583984],[57.55955505371094,1640.3291015625,-68.3675308227539],[96.0674819946289,1631.8809814453125,-23.514461517333984],[103.97447967529297,1589.654052734375,30.65891456604004],[96.3695068359375,1592.6387939453125,88.8526840209961],[61.07316970825195,1595.410888671875,134.02748107910156],[1.0562702417373657,1596.62890625,155.22718811035156],[-59.875247955322266,1595.7166748046875,135.05079650878906],[-95.2662582397461,1591.970947265625,90.96768188476562],[-104.91960144042969,1589.93896484375,33.52726745605469],[-98.64348602294922,1597.7325439453125,-20.087459564208984],[-61.53578186035156,1605.6458740234375,-66.73308563232422],[-1.928979516029358,1609.3369140625,-87.34353637695312],[58.901248931884766,1606.636962890625,-68.768798828125],[96.9752426147461,1598.1181640625,-22.866899490356445],[103.6812515258789,1555.991943359375,29.720582962036133],[96.22616577148438,1558.8804931640625,88.16272735595703],[62.710060119628906,1561.63330078125,135.38258361816406],[1.4385175704956055,1563.2318115234375,160.1100311279297],[-61.421607971191406,1562.005859375,136.51766967773438],[-95.08356475830078,1558.0347900390625,90.30330657958984],[-104.96209716796875,1556.1187744140625,32.7181396484375],[-98.8050308227539,1563.788330078125,-20.78043556213379],[-61.0489616394043,1571.72802734375,-65.59487915039062],[-2.5365397930145264,1575.5233154296875,-88.15219116210938],[58.71290588378906,1572.7137451171875,-67.91861724853516],[96.59950256347656,1564.2862548828125,-22.29458236694336],[103.59488677978516,1522.3912353515625,29.201799392700195],[95.88182067871094,1525.207763671875,88.02233123779297],[61.646942138671875,1528.093017578125,134.67698669433594],[1.2529010772705078,1529.8411865234375,158.63076782226562],[-59.81602478027344,1528.47802734375,135.783935546875],[-94.77845001220703,1524.4351806640625,90.0731430053711],[-105.08734893798828,1522.5985107421875,32.277130126953125],[-98.96742248535156,1530.226318359375,-20.948949813842773],[-60.53841018676758,1538.169677734375,-64.95841217041016],[-2.3336992263793945,1542.057861328125,-89.55587768554688],[58.5342903137207,1539.1546630859375,-67.63694763183594],[96.26862335205078,1530.7174072265625,-22.14631462097168],[103.7154769897461,1489.0927734375,28.719642639160156],[95.77466583251953,1491.8695068359375,88.0175552368164],[61.589542388916016,1494.765869140625,134.66845703125],[1.5202306509017944,1496.54736328125,158.7383270263672],[-60.12930679321289,1495.162353515625,135.8571319580078],[-94.65380859375,1491.0948486328125,90.02523803710938],[-105.30084991455078,1489.2969970703125,32.13459396362305],[-99.57991790771484,1496.839599609375,-20.850072860717773],[-60.09370422363281,1504.781005859375,-64.56034088134766],[-2.365656852722168,1508.7476806640625,-91.34442901611328],[58.3406867980957,1505.7637939453125,-67.50566864013672],[96.16268920898438,1497.32177734375,-22.144546508789062]], "semiAutoPins":[0,1,2,3,4,5,6,7,8,9,10,11], "plain-cloth":{"narrow":false, "narrowScale":0.9, "narrowStartIndex":1, "damping":0.03, "mass":0.1}, "ammo":{"customGeometryName":"geometry-twelve-short_bob", "customGeometryUseAutoSkinning":false, "enableCustomGeometry":true, "contactParticle":false, "circleStyle":true, "useCustomBodyParticleData":true, "ammoBodyParticleData":{"type":"AmmoBodyData", "version":1, "friction":5.1, "restitution":0, "damping_linear":0.01, "damping_angular":0.01}, "useCustomConstraintData":true, "ammoConstraintData":{"type":"AmmoConstraintData", "version":1, "useLinearReferenceFrameA":true, "disableCollisionsBetweenLinkedBodies":true, "frameInARelativePosRatio":0, "frameInBRelativePosRatio":-1, "enableSprings":[true,true,true,true,true,true], "dampings":[0,0,0,0,0,0], "stiffnesses":[100,100,100,100,100,100], "angularLowerLimit":[-0.393,-0.393,-0.393], "angularUpperLimit":[0.393,0.393,0.393], "linearLowerLimit":[0,0,0], "linearUpperLimit":[0,0,0]}, "particleType":0, "particleRadiusRatio":0.2, "endParticleRadiusRatio":0, "syncMoveLinear":0.5, "syncForceLinear":-10, "startCenterCircle":false, "circleUseFirstPointY":true, "circleRangeMin":0, "circleRangeMax":0, "circleInRangeRatio":0.5, "ammo-bone":{"thick":0.1, "thick2":0}, "ammo-hair":{"circleDummyHairCount":0, "circleDummyHairAngle":1, "circleHairMergeCenter":true, "circleHairMergeLast":true}}}]}