{"type":"HairData", "version":1, "datas":[{"faceIndexes":[6133,6204], "vertexOfFaceIndexes":[2,0], "targetIndexes":[-1,-1], "sliceFace":11, "stackFace":14, "faceWidthScale":0.8, "cutHorizontal":true, "cutHorizontalStartIndex":3, "channel":0, "syncPosition":true, "connectHorizontal":true, "physicsType":3, "extendOutsideRatio":0, "averagingNormal":true, "useCustomNormal":true, "originalNormalRatio":0.5, "hairTextureData":"1;0;false;false;0;false;0;0|1|0|0;0|1|0|0:0:1:0.5:false:false", "pointMode":1, "semiAutoPoints":[[58.52000277955086,1712.495196982893,36.96100017603013],[51.14480905871332,1712.495196982893,66.34559794620404],[30.06540505354959,1712.495196982893,88.10580923474345],[0.9300000441726404,1712.495196982893,96.41100299975363],[-28.45459772600126,1712.495196982893,89.03580927891609],[-50.21480901454069,1712.495196982893,67.95640527375235],[-58.52000277955086,1712.495196982893,38.821000264375414],[-51.14480905871332,1712.495196982893,9.436402494201488],[-30.065405053549608,1712.495196982893,-12.323808794337893],[-0.9300000441726476,1712.495196982893,-20.629002559348088],[28.454597726001282,1712.495196982893,-13.253808838510551],[50.21480901454066,1712.495196982893,7.825595166653162],[80.68995666503906,1684.8594970703125,34.58603286743164],[73.56520080566406,1686.3846435546875,76.65367126464844],[43.485321044921875,1688.5633544921875,110.4857406616211],[2.3403372764587402,1689.750732421875,122.65032958984375],[-40.21692657470703,1688.6868896484375,112.44219970703125],[-72.17707824707031,1686.358642578125,79.84508514404297],[-80.75829315185547,1684.59130859375,37.56682586669922],[-75.28771209716797,1689.989013671875,-4.487448215484619],[-45.08246994018555,1696.48193359375,-39.11019515991211],[-2.9588382244110107,1699.419189453125,-51.665748596191406],[40.04350280761719,1697.4871826171875,-41.50490188598633],[73.09978485107422,1690.9051513671875,-8.642996788024902],[97.98880767822266,1653.736328125,33.671573638916016],[88.65975189208984,1656.3408203125,87.09309387207031],[52.5555419921875,1659.345703125,126.9230728149414],[0.5660122632980347,1660.900146484375,141.8112335205078],[-51.79154586791992,1659.528076171875,127.32157897949219],[-88.46968841552734,1655.8726806640625,87.9268569946289],[-98.00121307373047,1653.944091796875,34.94054412841797],[-89.7236099243164,1661.3963623046875,-18.441783905029297],[-53.37773895263672,1669.68798828125,-58.52776336669922],[-0.877606987953186,1673.0799560546875,-73.582763671875],[51.99823760986328,1670.35595703125,-59.04717254638672],[89.19599914550781,1661.779052734375,-19.31509780883789],[104.48438262939453,1619.3466796875,36.5299186706543],[95.69856262207031,1622.0670166015625,88.83125305175781],[58.39119338989258,1625.361328125,132.8706512451172],[0.9631993174552917,1626.9490966796875,150.5450897216797],[-57.257484436035156,1625.4864501953125,133.61163330078125],[-95.26420593261719,1621.51025390625,89.83515167236328],[-104.56082153320312,1619.6258544921875,37.45866394042969],[-97.22631072998047,1627.5533447265625,-21.7333984375],[-62.66584014892578,1636.599609375,-65.52486419677734],[-1.7066401243209839,1640.4715576171875,-85.9176254272461],[60.977027893066406,1637.39697265625,-66.61991119384766],[96.82064819335938,1628.320068359375,-22.585922241210938],[109.47068786621094,1584.699462890625,39.414649963378906],[98.89297485351562,1586.6112060546875,89.58638000488281],[61.46843719482422,1590.040283203125,134.5155792236328],[0.9859367609024048,1591.96923828125,155.6985321044922],[-60.455291748046875,1590.2960205078125,135.49337768554688],[-98.85986328125,1586.290283203125,91.39097595214844],[-108.14404296875,1585.248779296875,42.31029510498047],[-100.2958755493164,1592.5418701171875,-22.54431915283203],[-64.73065948486328,1602.024169921875,-64.17483520507812],[-1.9647046327590942,1606.12353515625,-86.95983123779297],[63.06857681274414,1602.9014892578125,-65.38854217529297],[99.9347915649414,1592.7330322265625,-23.307579040527344],[113.11532592773438,1550.5321044921875,44.605804443359375],[101.9396743774414,1551.451904296875,89.7530288696289],[62.763214111328125,1554.8245849609375,136.05552673339844],[1.0846326351165771,1557.270751953125,160.70880126953125],[-61.75104904174805,1555.1138916015625,136.97250366210938],[-102.6065902709961,1550.9010009765625,91.75716400146484],[-110.55183410644531,1550.5333251953125,45.89894104003906],[-102.816162109375,1556.915771484375,-23.46989631652832],[-67.48463439941406,1566.0968017578125,-62.567806243896484],[-2.1508657932281494,1570.5733642578125,-85.64518737792969],[65.82967376708984,1566.99755859375,-64.28630828857422],[103.07847595214844,1557.4022216796875,-25.59866714477539],[115.76924133300781,1515.937744140625,49.010555267333984],[104.88333129882812,1516.0501708984375,90.44834899902344],[62.338993072509766,1519.313720703125,137.00546264648438],[0.8107760548591614,1522.236572265625,160.08155822753906],[-60.94933319091797,1519.5902099609375,138.08477783203125],[-105.9355697631836,1515.5169677734375,91.39850616455078],[-114.8644790649414,1515.95263671875,48.32917404174805],[-105.90857696533203,1522.172119140625,-26.452632904052734],[-70.21821594238281,1530.92529296875,-61.809059143066406],[-2.044318437576294,1535.70263671875,-84.42984771728516],[67.90091705322266,1531.848388671875,-62.68687057495117],[106.16082000732422,1522.5501708984375,-28.08672332763672],[120.08361053466797,1482.013916015625,52.4080696105957],[107.83832550048828,1481.34521484375,90.81220245361328],[62.42913818359375,1484.479736328125,138.1781463623047],[1.2023372650146484,1487.66259765625,156.4338836669922],[-60.97661209106445,1484.7410888671875,139.06539916992188],[-108.59854125976562,1480.7789306640625,90.86580657958984],[-121.15441131591797,1482.4437255859375,52.37053680419922],[-107.71684265136719,1487.535400390625,-30.989484786987305],[-72.58441925048828,1495.7039794921875,-61.83053970336914],[-1.747404932975769,1500.5748291015625,-83.62218475341797],[70.2125015258789,1496.4677734375,-62.01276779174805],[108.59813690185547,1487.617431640625,-31.976747512817383],[126.63446807861328,1448.563720703125,57.5056037902832],[110.68189239501953,1446.521484375,91.62962341308594],[62.32013702392578,1449.575439453125,140.34434509277344],[0.8940502405166626,1452.8106689453125,156.20924377441406],[-61.78872299194336,1449.771484375,140.3841094970703],[-110.84039306640625,1445.8951416015625,90.7594985961914],[-127.58830261230469,1449.12939453125,58.25897216796875],[-108.32115936279297,1452.8956298828125,-34.94191360473633],[-74.25260162353516,1460.535888671875,-62.621376037597656],[-0.22903494536876678,1465.9483642578125,-83.42108917236328],[72.4213638305664,1461.7591552734375,-62.445960998535156],[109.6540298461914,1453.0906982421875,-35.66688919067383],[133.48422241210938,1415.94921875,64.19462585449219],[113.64661407470703,1412.2899169921875,92.11864471435547],[62.334651947021484,1415.3311767578125,143.35134887695312],[1.6592904329299927,1418.5230712890625,154.63475036621094],[-63.42949295043945,1415.45654296875,142.4275360107422],[-112.99080657958984,1411.6046142578125,91.35821533203125],[-133.95216369628906,1416.24951171875,64.16556549072266],[-110.25716400146484,1418.7069091796875,-37.8604850769043],[-76.13042449951172,1426.024658203125,-62.95216369628906],[0.8510466814041138,1431.6759033203125,-83.61563110351562],[74.2552719116211,1427.08056640625,-62.79267501831055],[111.34521484375,1418.7774658203125,-37.84992599487305],[138.63975524902344,1382.4805908203125,68.04341888427734],[116.4906005859375,1378.0518798828125,92.73526763916016],[62.773983001708984,1381.140380859375,147.04734802246094],[2.00469970703125,1384.1414794921875,154.61468505859375],[-65.51183319091797,1381.2412109375,145.7747039794922],[-115.72454071044922,1377.38134765625,93.2261734008789],[-139.6108856201172,1382.64306640625,66.27827453613281],[-113.48863220214844,1384.54736328125,-39.98543167114258],[-76.85865783691406,1391.4412841796875,-64.18431854248047],[1.8277043104171753,1397.321533203125,-83.75499725341797],