{"type":"HairData", "version":1, "datas":[{"faceIndexes":[6133,6204], "vertexOfFaceIndexes":[2,0], "targetIndexes":[-1,-1], "sliceFace":11, "stackFace":9, "faceWidthScale":0.8, "cutHorizontal":true, "cutHorizontalStartIndex":3, "channel":0, "syncPosition":true, "connectHorizontal":true, "physicsType":3, "extendOutsideRatio":0, "averagingNormal":true, "useCustomNormal":true, "originalNormalRatio":0.5, "hairTextureData":"1;0;false;false;0;false;0;0|1|0|0;0|1|0|0:0:1:0.5:false:false", "pointMode":1, "semiAutoPoints":[[58.52000277955086,1712.495196982893,36.96100017603013],[51.14480905871332,1712.495196982893,66.34559794620404],[30.06540505354959,1712.495196982893,88.10580923474345],[0.9300000441726404,1712.495196982893,96.41100299975363],[-28.45459772600126,1712.495196982893,89.03580927891609],[-50.21480901454069,1712.495196982893,67.95640527375235],[-58.52000277955086,1712.495196982893,38.821000264375414],[-51.14480905871332,1712.495196982893,9.436402494201488],[-30.065405053549608,1712.495196982893,-12.323808794337893],[-0.9300000441726476,1712.495196982893,-20.629002559348088],[28.454597726001282,1712.495196982893,-13.253808838510551],[50.21480901454066,1712.495196982893,7.825595166653162],[80.27586364746094,1685.4779052734375,34.1909065246582],[72.89971923828125,1687.2288818359375,76.35095977783203],[43.46310043334961,1689.2733154296875,109.71699523925781],[2.2981674671173096,1690.3243408203125,122.11172485351562],[-40.046749114990234,1689.5584716796875,111.6087646484375],[-71.37604522705078,1687.272705078125,79.68911743164062],[-80.06039428710938,1685.4124755859375,37.42222595214844],[-74.49853515625,1690.7843017578125,-4.637730598449707],[-44.83297348022461,1696.9996337890625,-38.60133361816406],[-3.094896078109741,1699.7200927734375,-51.31077575683594],[39.87898254394531,1697.9912109375,-40.94623565673828],[72.22378540039062,1691.82470703125,-8.57103157043457],[97.42826080322266,1655.688720703125,32.89033126831055],[88.15123748779297,1658.19189453125,86.41964721679688],[52.650264739990234,1660.585205078125,126.2177734375],[0.920283317565918,1661.7667236328125,141.41708374023438],[-51.2788200378418,1660.86083984375,126.95655822753906],[-87.65445709228516,1657.4964599609375,88.14598083496094],[-97.4271469116211,1655.5189208984375,35.07914352416992],[-89.05611419677734,1663.1343994140625,-18.05775260925293],[-53.3127555847168,1670.7235107421875,-57.884521484375],[-1.2874927520751953,1673.8504638671875,-73.12322998046875],[51.172481536865234,1671.5775146484375,-58.7904167175293],[88.0122299194336,1663.810791015625,-19.814016342163086],[104.08528137207031,1622.5709228515625,33.5589485168457],[95.30768585205078,1625.2874755859375,89.28445434570312],[58.67927551269531,1627.8101806640625,132.43748474121094],[1.36033296585083,1629.07470703125,150.33985900878906],[-57.08564758300781,1628.0887451171875,133.46693420410156],[-94.42444610595703,1624.4893798828125,91.29776763916016],[-104.31623840332031,1622.4486083984375,35.62135696411133],[-97.11932373046875,1630.4332275390625,-21.341955184936523],[-60.74861145019531,1638.709228515625,-66.50505065917969],[-1.851107120513916,1642.1112060546875,-85.57764434814453],[58.68032455444336,1639.527587890625,-67.78828430175781],[96.38391876220703,1630.9232177734375,-23.026079177856445],[106.55243682861328,1588.486572265625,34.210453033447266],[96.55386352539062,1591.1190185546875,88.65471649169922],[61.456417083740234,1593.6632080078125,133.78648376464844],[1.434824824333191,1595.1251220703125,155.30613708496094],[-60.02025604248047,1593.998046875,134.95053100585938],[-95.9361801147461,1590.30615234375,90.82637786865234],[-106.26405334472656,1588.4056396484375,36.10024642944336],[-98.59636688232422,1596.318603515625,-21.165958404541016],[-62.36697006225586,1604.6571044921875,-67.65535736083984],[-1.7886942625045776,1608.3585205078125,-88.3288803100586],[60.44253158569336,1605.6705322265625,-68.74575805664062],[98.06346893310547,1596.9398193359375,-23.07330894470215],[108.77586364746094,1554.5540771484375,36.571292877197266],[96.281005859375,1556.7978515625,88.65294647216797],[63.64433670043945,1559.2447509765625,134.82553100585938],[1.6391332149505615,1561.1302490234375,160.36090087890625],[-62.367923736572266,1559.6312255859375,135.98831176757812],[-95.8638916015625,1555.944091796875,90.60175323486328],[-107.91670227050781,1554.4757080078125,38.04728317260742],[-99.87709045410156,1562.108642578125,-22.45095443725586],[-64.43928527832031,1570.3499755859375,-69.74205017089844],[-2.046381950378418,1574.218994140625,-90.97566986083984],[62.68614959716797,1571.3455810546875,-69.9748764038086],[99.45684051513672,1562.589111328125,-24.34000587463379],[110.9504165649414,1520.853515625,39.37770080566406],[95.8928451538086,1522.9224853515625,89.46710205078125],[65.91911315917969,1525.350830078125,135.755615234375],[1.8545411825180054,1527.333740234375,160.0260009765625],[-63.009490966796875,1525.665771484375,136.71002197265625],[-95.51715850830078,1522.0267333984375,91.08366394042969],[-109.77404022216797,1520.7108154296875,40.151859283447266],[-100.58123016357422,1528.111328125,-24.47295379638672],[-65.31275939941406,1536.2132568359375,-72.60895538330078],[-2.5449328422546387,1540.260986328125,-94.30567932128906],[64.35114288330078,1537.2493896484375,-72.86663055419922],[100.49047088623047,1528.71337890625,-26.016218185424805],[113.65518951416016,1487.3896484375,42.3853874206543],[96.07856750488281,1489.1773681640625,91.03610229492188],[67.9059066772461,1491.53125,137.9497528076172],[1.8763580322265625,1493.437744140625,160.0455780029297],[-64.03621673583984,1491.7783203125,138.41262817382812],[-95.69927215576172,1488.232177734375,92.35958862304688],[-111.76040649414062,1487.3209228515625,42.75831985473633],[-101.777587890625,1494.4920654296875,-26.355941772460938],[-66.15152740478516,1502.445068359375,-74.86726379394531],[-2.8843252658843994,1506.74169921875,-98.30007934570312],[65.48828887939453,1503.5216064453125,-75.4727783203125],[101.41944885253906,1494.9759521484375,-27.690893173217773],[118.14429473876953,1454.622802734375,47.12328338623047],[96.87937927246094,1455.7886962890625,92.74652099609375],[71.15853881835938,1458.160400390625,140.2903289794922],[1.5283788442611694,1459.910888671875,161.38436889648438],[-65.87358093261719,1458.3115234375,140.57199096679688],[-96.52607727050781,1454.7891845703125,93.84019470214844],[-115.0038070678711,1454.4549560546875,47.36159896850586],[-102.72272491455078,1461.190673828125,-29.134096145629883],[-67.38249969482422,1468.9749755859375,-77.0790786743164],[-2.8083088397979736,1473.5545654296875,-102.89718627929688],[67.00965881347656,1470.0955810546875,-78.02018737792969],[102.65959167480469,1461.48779296875,-29.380229949951172],[127.93605041503906,1426.564208984375,62.05354690551758],[95.01981353759766,1422.5703125,93.65071105957031],[74.26322174072266,1425.0870361328125,143.11512756347656],[1.9262853860855103,1426.8916015625,165.80015563964844],[-67.85517883300781,1425.0787353515625,142.33206176757812],[-95.44831085205078,1421.51123046875,94.09829711914062],[-127.53939056396484,1427.2957763671875,61.81694030761719],[-102.36078643798828,1428.4659423828125,-35.40888977050781],[-69.5080337524414,1435.71923828125,-79.29824829101562],[-2.4438323974609375,1440.5914306640625,-108.03014373779297],[69.0268325805664,1436.8465576171875,-80.37083435058594],[102.26194763183594,1428.67626953125,-35.332096099853516]], "semiAutoPins":[0,1,2,3,4,5,6,7,8,9,10,11], "plain-cloth":{"narrow":false, "narrowScale":0.9, "narrowStartIndex":1, "damping":0.03, "mass":0.1}, "ammo":{"customGeometryName":"geometry-twelve-medium", "customGeometryUseAutoSkinning":false, "enableCustomGeometry":true, "contactParticle":false, "circleStyle":true, "useCustomBodyParticleData":true, "ammoBodyParticleData":{"type":"AmmoBodyData", "version":1, "friction":5.1, "restitution":0, "damping_linear":0.01, "damping_angular":0.01}, "useCustomConstraintData":true, "ammoConstraintData":{"type":"AmmoConstraintData", "version":1,