{"type":"HairData", "version":1, "datas":[{"faceIndexes":[6133,6204], "vertexOfFaceIndexes":[2,0], "targetIndexes":[-1,-1], "sliceFace":11, "stackFace":8, "faceWidthScale":0.8, "cutHorizontal":true, "cutHorizontalStartIndex":2, "channel":0, "syncPosition":true, "connectHorizontal":true, "physicsType":3, "extendOutsideRatio":0, "averagingNormal":true, "useCustomNormal":true, "originalNormalRatio":0.5, "hairTextureData":"1;0;false;false;0;false;0;0|1|0|0;0|1|0|0:0:1:0.5:false:false", "pointMode":1, "semiAutoPoints":[[58.52000277955086,1712.495196982893,36.96100017603013],[51.14480905871332,1712.495196982893,66.34559794620404],[30.06540505354959,1712.495196982893,88.10580923474345],[0.9300000441726404,1712.495196982893,96.41100299975363],[-28.45459772600126,1712.495196982893,89.03580927891609],[-50.21480901454069,1712.495196982893,67.95640527375235],[-58.52000277955086,1712.495196982893,38.821000264375414],[-51.14480905871332,1712.495196982893,9.436402494201488],[-30.065405053549608,1712.495196982893,-12.323808794337893],[-0.9300000441726476,1712.495196982893,-20.629002559348088],[28.454597726001282,1712.495196982893,-13.253808838510551],[50.21480901454066,1712.495196982893,7.825595166653162],[79.9970932006836,1685.7908935546875,34.29750061035156],[72.42518615722656,1687.7803955078125,76.22637176513672],[43.12938690185547,1689.6658935546875,109.50379943847656],[2.010446548461914,1690.564208984375,121.89166259765625],[-40.08055877685547,1689.7496337890625,111.37936401367188],[-70.95459747314453,1687.806884765625,79.47822570800781],[-79.8892593383789,1685.6590576171875,37.77260208129883],[-74.40122985839844,1690.9661865234375,-4.37653923034668],[-44.69755554199219,1697.2021484375,-38.429779052734375],[-3.2229092121124268,1699.8150634765625,-51.19399642944336],[39.92927551269531,1697.9639892578125,-40.94820022583008],[72.1095962524414,1692.0269775390625,-8.324413299560547],[97.0903091430664,1656.0802001953125,34.063865661621094],[89.49345397949219,1658.81884765625,82.66989135742188],[55.8121223449707,1661.30224609375,123.65677642822266],[2.781885862350464,1662.337158203125,141.1180419921875],[-51.20703125,1661.29052734375,126.77391052246094],[-87.89241027832031,1658.8533935546875,86.32209014892578],[-97.3109359741211,1655.99853515625,35.71333312988281],[-92.52533721923828,1662.540283203125,-8.491751670837402],[-59.0499382019043,1670.6806640625,-53.479652404785156],[-4.002547740936279,1674.2359619140625,-72.8124008178711],[52.51542663574219,1671.6947021484375,-57.78557205200195],[90.27705383300781,1663.788330078125,-13.877626419067383],[104.04046630859375,1623.0440673828125,33.36298751831055],[97.10065460205078,1625.9254150390625,84.97486877441406],[62.274627685546875,1628.5933837890625,129.79029846191406],[3.3052754402160645,1629.8719482421875,150.209716796875],[-56.97379684448242,1628.6943359375,133.46893310546875],[-95.43866729736328,1625.958740234375,88.87796783447266],[-104.20565032958984,1622.94921875,34.76542282104492],[-100.8491439819336,1629.852294921875,-10.26416015625],[-66.93708038330078,1638.529296875,-61.67376708984375],[-4.486303329467773,1642.572998046875,-85.39618682861328],[59.635887145996094,1639.80078125,-67.05549621582031],[98.89115142822266,1631.090576171875,-16.29942512512207],[104.91439056396484,1589.1119384765625,33.092742919921875],[97.27757263183594,1591.7841796875,83.6798324584961],[64.86869049072266,1594.646728515625,130.73098754882812],[4.014163494110107,1596.25146484375,155.03369140625],[-59.63008117675781,1594.8114013671875,134.96572875976562],[-96.19596862792969,1591.8062744140625,87.9111557006836],[-105.09200286865234,1588.931884765625,34.0742301940918],[-98.73389434814453,1596.1295166015625,-9.133910179138184],[-69.06208038330078,1604.724609375,-62.09769821166992],[-4.642146587371826,1608.918701171875,-87.5738525390625],[61.812225341796875,1605.9989013671875,-68.60420989990234],[97.78983306884766,1597.2867431640625,-15.075047492980957],[105.11016845703125,1555.1754150390625,32.41754150390625],[96.38595581054688,1557.5760498046875,83.27296447753906],[66.07750701904297,1560.618408203125,132.19195556640625],[4.00683069229126,1562.71142578125,160.1008758544922],[-61.32891082763672,1560.8370361328125,136.77932739257812],[-96.05410766601562,1557.6556396484375,87.77577209472656],[-105.2606430053711,1554.975830078125,33.26369094848633],[-95.13002014160156,1562.1583251953125,-8.912381172180176],[-70.03323364257812,1570.6324462890625,-63.57852554321289],[-4.856446266174316,1574.9705810546875,-89.85890197753906],[63.27042770385742,1571.9573974609375,-70.44414520263672],[95.88902282714844,1563.2088623046875,-15.888666152954102],[105.040283203125,1521.612060546875,31.710737228393555],[95.71765899658203,1523.783203125,83.4402084350586],[64.4863510131836,1526.74755859375,130.6366729736328],[3.9562838077545166,1528.9375,161.242919921875],[-59.724544525146484,1526.9407958984375,135.68426513671875],[-96.08920288085938,1523.6820068359375,88.09722137451172],[-105.2855224609375,1521.170166015625,32.61991882324219],[-90.99968719482422,1528.4534912109375,-7.9712419509887695],[-71.95423126220703,1536.8673095703125,-66.57018280029297],[-5.304840087890625,1541.2825927734375,-93.32954406738281],[64.9727783203125,1538.226318359375,-73.84825897216797],[93.20067596435547,1529.4996337890625,-16.10612678527832],[104.71540069580078,1488.1749267578125,30.548051834106445],[95.35912322998047,1490.1019287109375,83.59049224853516],[63.4448356628418,1493.182861328125,129.99314880371094],[4.019874095916748,1495.4700927734375,162.97238159179688],[-58.89945983886719,1493.3704833984375,135.3185577392578],[-96.51692962646484,1490.085693359375,88.68111419677734],[-105.12252044677734,1487.6903076171875,31.757043838500977],[-86.13412475585938,1495.234619140625,-7.128818035125732],[-74.6917724609375,1503.5819091796875,-70.00055694580078],[-5.728330135345459,1508.0634765625,-97.65469360351562],[67.97046661376953,1505.09619140625,-78.21520233154297],[90.01318359375,1495.9666748046875,-15.281360626220703],[104.56697845458984,1454.6904296875,29.196138381958008],[95.7009506225586,1456.0653076171875,83.47179412841797],[62.42597579956055,1459.15087890625,129.8637237548828],[4.685258388519287,1461.62353515625,164.6375732421875],[-58.31009292602539,1459.338623046875,135.3692169189453],[-97.63484191894531,1456.0635986328125,89.37124633789062],[-105.35090637207031,1453.8541259765625,31.287683486938477],[-78.39002990722656,1462.044677734375,-5.9653449058532715],[-78.31689453125,1469.93994140625,-74.18367004394531],[-6.0223493576049805,1474.513916015625,-102.84656524658203],[71.48514556884766,1471.6435546875,-83.60148620605469],[86.71463775634766,1462.1065673828125,-13.801538467407227]], "semiAutoPins":[0,1,2,3,4,5,6,7,8,9,10,11], "plain-cloth":{"narrow":false, "narrowScale":0.9, "narrowStartIndex":1, "damping":0.03, "mass":0.1}, "ammo":{"customGeometryName":"geometry-twelve-bob", "customGeometryUseAutoSkinning":false, "enableCustomGeometry":true, "contactParticle":false, "circleStyle":true, "useCustomBodyParticleData":true, "ammoBodyParticleData":{"type":"AmmoBodyData", "version":1, "friction":5.1, "restitution":0, "damping_linear":0.01, "damping_angular":0.01}, "useCustomConstraintData":true, "ammoConstraintData":{"type":"AmmoConstraintData", "version":1, "useLinearReferenceFrameA":true, "disableCollisionsBetweenLinkedBodies":true, "frameInARelativePosRatio":0, "frameInBRelativePosRatio":-1, "enableSprings":[true,true,true,true,true,true], "dampings":[0,0,0,0,0,0], "stiffnesses":[100,100,100,100,100,100], "angularLowerLimit":[0,0,0], "angularUpperLimit":[0,0,0], "linearLowerLimit":[0,0,0], "linearUpperLimit":[0,0,0]}, "particleType":0, "particleRadiusRatio":0.2, "endParticleRadiusRatio":0.1, "syncMoveLinear":0.5, "syncForceLinear":-10, "startCenterCircle":false, "circleUseFirstPointY":true, "circleRangeMin":0, "circleRangeMax":0, "circleInRangeRatio":0.5, "ammo-bone":{"thick":0.1, "thick2":0}, "ammo-hair":{"circleDummyHairCount":0, "circleDummyHairAngle":1,